siteID,collectDate,adjAshFreeDryMass
CRAM,2015-05-13T15:40:00Z,1e-4
CRAM,2015-07-13T15:45:00Z,0.0022
CRAM,2015-07-13T15:45:00Z,2e-4
CRAM,2015-07-13T15:45:00Z,0.0048
CRAM,2015-07-13T15:45:00Z,0.0013
CRAM,2015-07-13T15:45:00Z,0.0036
CRAM,2015-07-13T15:45:00Z,0.0027
CRAM,2015-09-14T16:00:00Z,0.002
CRAM,2015-09-14T16:00:00Z,9e-4
CRAM,2015-09-14T16:00:00Z,0.0012
CRAM,2015-09-14T16:00:00Z,0.0018
CRAM,2015-09-14T16:00:00Z,0.0021
CRAM,2015-09-14T16:00:00Z,7e-4
CRAM,2016-04-26T14:45:00Z,7e-4
CRAM,2016-04-26T14:45:00Z,0.0052
CRAM,2016-04-26T14:45:00Z,0.0082
CRAM,2016-04-26T14:45:00Z,0.0028
CRAM,2016-04-26T14:45:00Z,0.0045
CRAM,2016-04-26T14:45:00Z,0.0022
CRAM,2016-07-13T15:45:00Z,0.0014
CRAM,2016-07-13T15:45:00Z,0.0024
CRAM,2016-07-13T15:45:00Z,0.005
CRAM,2016-07-13T15:45:00Z,0.0016
CRAM,2016-07-13T15:45:00Z,0.0021
CRAM,2016-07-13T15:45:00Z,6e-4
CRAM,2016-07-13T15:45:00Z,5e-4
CRAM,2016-09-19T15:20:00Z,0.0014
CRAM,2016-09-19T15:20:00Z,0.0026
CRAM,2016-09-19T15:20:00Z,0.0022
CRAM,2016-09-19T15:20:00Z,0
CRAM,2016-09-19T15:20:00Z,0
CRAM,2016-09-19T15:20:00Z,0.0017
CRAM,2016-09-19T15:20:00Z,0.0027
CRAM,2017-05-03T15:01:00Z,0
CRAM,2017-05-03T15:01:00Z,3e-4
CRAM,2017-05-03T15:01:00Z,0
CRAM,2017-05-04T15:01:00Z,0.0013
CRAM,2017-05-04T15:01:00Z,0.0015
CRAM,2017-05-04T15:01:00Z,0.001
CRAM,2017-05-04T15:01:00Z,0.0019
CRAM,2017-05-04T15:01:00Z,0.0013
CRAM,2017-07-05T14:33:00Z,0.0024
CRAM,2017-07-05T14:33:00Z,0.0021
CRAM,2017-07-05T14:33:00Z,6e-4
CRAM,2017-07-05T14:33:00Z,4e-4
CRAM,2017-07-05T14:33:00Z,0.001
CRAM,2017-07-05T14:33:00Z,0.002
CRAM,2017-07-05T14:33:00Z,0.0013
CRAM,2017-09-14T14:35:00Z,6e-4
CRAM,2017-09-14T14:35:00Z,3e-4
CRAM,2017-09-14T14:35:00Z,0.0044
CRAM,2017-09-14T14:35:00Z,0.0026
CRAM,2017-09-14T14:35:00Z,5e-4
CRAM,2017-09-14T14:35:00Z,0.0027
CRAM,2017-09-14T14:35:00Z,5e-4
CRAM,2018-05-10T17:31:00Z,0.0033
CRAM,2018-05-10T17:31:00Z,0.0011
CRAM,2018-05-10T17:31:00Z,0.0028
CRAM,2018-05-10T17:31:00Z,2e-4
CRAM,2018-05-10T17:31:00Z,0.004
CRAM,2018-05-10T17:31:00Z,9e-4
CRAM,2018-05-10T17:31:00Z,0.0025
CRAM,2018-05-10T17:31:00Z,0.0019
CRAM,2018-07-16T14:12:00Z,0.0011
CRAM,2018-07-16T14:12:00Z,0.0011
CRAM,2018-07-16T14:12:00Z,0.001
CRAM,2018-07-16T14:12:00Z,0.0021
CRAM,2018-07-16T14:12:00Z,0.0045
CRAM,2018-07-16T14:12:00Z,0.0056
CRAM,2018-07-16T14:12:00Z,0.003
CRAM,2018-07-16T14:12:00Z,0.0026
CRAM,2018-09-27T22:27:00Z,4e-4
CRAM,2018-09-27T22:27:00Z,0.0033
CRAM,2018-09-27T22:27:00Z,2e-4
CRAM,2018-09-27T22:27:00Z,7e-4
CRAM,2018-09-27T22:27:00Z,0.0017
CRAM,2018-09-27T22:27:00Z,0.0019
CRAM,2018-09-27T22:27:00Z,9e-4
CRAM,2018-09-27T22:27:00Z,3e-4
CRAM,2019-05-08T15:04:00Z,0.0013
CRAM,2019-05-08T15:04:00Z,0.0016
CRAM,2019-05-08T15:04:00Z,7e-4
CRAM,2019-05-08T15:04:00Z,4e-4
CRAM,2019-05-08T15:04:00Z,6e-4
CRAM,2019-05-08T15:04:00Z,0.0016
CRAM,2019-05-08T15:04:00Z,0.0021
CRAM,2019-05-08T15:04:00Z,0.0023
CRAM,2019-07-11T15:47:00Z,0.001
CRAM,2019-07-11T15:47:00Z,2e-4
CRAM,2019-07-11T15:47:00Z,0.0014
CRAM,2019-07-11T15:47:00Z,2e-4
CRAM,2019-07-11T15:47:00Z,2e-4
CRAM,2019-07-11T15:47:00Z,0.0021
CRAM,2019-07-11T15:47:00Z,0.0028
CRAM,2019-07-11T15:47:00Z,0.001
CRAM,2019-09-25T14:45:00Z,5e-4
CRAM,2019-09-25T14:45:00Z,8e-4
CRAM,2019-09-25T14:45:00Z,5e-4
CRAM,2019-09-25T14:45:00Z,6e-4
CRAM,2019-09-25T14:45:00Z,4e-4
CRAM,2019-09-25T14:45:00Z,7e-4
CRAM,2019-09-25T14:45:00Z,0.0015
CRAM,2019-09-25T14:45:00Z,8e-4
CRAM,2020-06-08T16:19:00Z,2e-4
CRAM,2020-06-08T16:19:00Z,0.0013
CRAM,2020-06-08T16:19:00Z,0.0024
CRAM,2020-06-08T16:19:00Z,0.0015
CRAM,2020-06-08T16:19:00Z,2e-4
CRAM,2020-06-08T16:19:00Z,0.0022
CRAM,2020-06-08T16:19:00Z,4e-4
CRAM,2020-06-08T16:19:00Z,0.0015
CRAM,2020-07-15T15:32:00Z,3e-4
CRAM,2020-07-15T15:32:00Z,0.0021
CRAM,2020-07-15T15:32:00Z,4e-4
CRAM,2020-07-15T15:32:00Z,0.0011
CRAM,2020-07-15T15:32:00Z,3e-4
CRAM,2020-07-15T15:32:00Z,8e-4
CRAM,2020-07-15T15:32:00Z,0.0011
CRAM,2020-07-15T15:32:00Z,3e-4
CRAM,2020-09-28T15:46:00Z,0.0012
CRAM,2020-09-28T15:46:00Z,1e-4
CRAM,2020-09-28T15:46:00Z,0.0013
CRAM,2020-09-28T15:46:00Z,5e-4
CRAM,2020-09-28T15:46:00Z,1e-4
CRAM,2020-09-28T15:46:00Z,9e-4
CRAM,2020-09-28T15:46:00Z,5e-4
CRAM,2020-09-28T15:46:00Z,1e-4
CRAM,2021-04-27T16:37:00Z,8e-4
CRAM,2021-04-27T16:37:00Z,0.002
CRAM,2021-04-27T16:37:00Z,3e-4
CRAM,2021-04-27T16:37:00Z,0.0012
CRAM,2021-04-27T16:37:00Z,0.0015
CRAM,2021-04-27T16:37:00Z,0.0025
CRAM,2021-04-27T16:37:00Z,4e-4
CRAM,2021-04-27T16:37:00Z,4e-4
CRAM,2021-07-13T15:26:00Z,0.0025
CRAM,2021-07-13T15:26:00Z,1e-4
CRAM,2021-07-13T15:26:00Z,0.0014
CRAM,2021-07-13T15:26:00Z,0.0017
CRAM,2021-07-13T15:26:00Z,5e-4
CRAM,2021-07-13T15:26:00Z,0.0021
CRAM,2021-07-13T15:26:00Z,2e-4
CRAM,2021-07-13T15:26:00Z,0.0017
CRAM,2021-09-27T16:33:00Z,6e-4
CRAM,2021-09-27T16:33:00Z,0.0024
CRAM,2021-09-27T16:33:00Z,0.0024
CRAM,2021-09-27T16:33:00Z,5e-4
CRAM,2021-09-27T16:33:00Z,0.0018
CRAM,2021-09-27T16:33:00Z,0.0022
CRAM,2021-09-27T16:33:00Z,0.001
CRAM,2021-09-27T16:33:00Z,6e-4
CRAM,2022-05-24T16:32:00Z,0.0012
CRAM,2022-05-24T16:32:00Z,3e-4
CRAM,2022-05-24T16:32:00Z,0.0012
CRAM,2022-05-24T16:32:00Z,9e-4
CRAM,2022-05-24T16:32:00Z,0.0031
CRAM,2022-05-24T16:32:00Z,-5e-4
CRAM,2022-05-24T16:32:00Z,6e-4
CRAM,2022-05-24T16:32:00Z,3e-4
CRAM,2022-07-12T14:18:00Z,4e-4
CRAM,2022-07-12T14:18:00Z,8e-4
CRAM,2022-07-12T14:18:00Z,0.0016
CRAM,2022-07-12T14:18:00Z,0.0025
CRAM,2022-07-12T14:18:00Z,0.0012
CRAM,2022-07-12T14:18:00Z,0
CRAM,2022-07-12T14:18:00Z,0.001
CRAM,2022-07-12T14:18:00Z,4e-4
CRAM,2022-09-26T15:53:00Z,6e-4
CRAM,2022-09-26T15:53:00Z,0.0054
CRAM,2022-09-26T15:53:00Z,0.0045
CRAM,2022-09-26T15:53:00Z,4e-4
CRAM,2022-09-26T15:53:00Z,3e-4
CRAM,2022-09-26T15:53:00Z,0.0024
CRAM,2022-09-26T15:53:00Z,0.0031
CRAM,2022-09-26T15:53:00Z,0.0044
CRAM,2023-05-22T15:52:00Z,5e-4
CRAM,2023-05-22T15:52:00Z,3e-4
CRAM,2023-05-22T15:52:00Z,0.001
CRAM,2023-05-22T15:52:00Z,5e-4
CRAM,2023-05-22T15:52:00Z,4e-4
CRAM,2023-05-22T15:52:00Z,6e-4
CRAM,2023-05-22T15:52:00Z,9e-4
CRAM,2023-05-22T15:52:00Z,8e-4
CRAM,2023-07-17T15:53:00Z,0.001
CRAM,2023-07-17T15:53:00Z,3e-4
CRAM,2023-07-17T15:53:00Z,0.0121
CRAM,2023-07-17T15:53:00Z,0.0012
CRAM,2023-07-17T15:53:00Z,0.0024
CRAM,2023-07-17T15:53:00Z,7e-4
CRAM,2023-07-17T15:53:00Z,4e-4
CRAM,2023-07-17T15:53:00Z,0.0019
CRAM,2023-09-26T17:13:00Z,2e-4
CRAM,2023-09-26T17:13:00Z,-1e-4
CRAM,2023-09-26T17:13:00Z,0.0011
CRAM,2023-09-26T17:13:00Z,0.0018
CRAM,2023-09-26T17:13:00Z,0.0019
CRAM,2023-09-26T17:13:00Z,9e-4
CRAM,2023-09-26T17:13:00Z,0.0079
CRAM,2023-09-26T17:13:00Z,0
PRLA,2014-05-15T18:55:00Z,0.001
PRLA,2014-05-15T19:40:00Z,0.0012
PRLA,2014-05-15T20:10:00Z,7e-4
PRLA,2014-07-09T21:20:00Z,0.0012
PRLA,2014-07-09T21:20:00Z,0.0014
PRLA,2014-07-09T21:20:00Z,0.001
PRLA,2014-09-25T18:30:00Z,0.0481
PRLA,2014-09-25T18:30:00Z,0.0031
PRLA,2014-09-25T18:30:00Z,0.0046
PRLA,2014-09-25T18:30:00Z,0.0044
PRLA,2014-09-25T18:30:00Z,0.0033
PRLA,2014-09-25T18:30:00Z,0.0043
PRLA,2014-09-25T18:30:00Z,0.0042
PRLA,2014-09-25T18:30:00Z,0.0031
PRLA,2015-07-20T16:40:00Z,0.0039
PRLA,2015-07-20T16:40:00Z,0.0037
PRLA,2015-07-20T16:40:00Z,0.0032
PRLA,2015-07-20T16:40:00Z,0.0037
PRLA,2015-07-20T16:40:00Z,0.0042
PRLA,2015-07-20T16:40:00Z,0.0034
PRLA,2015-07-20T16:40:00Z,0.0065
PRLA,2015-07-20T16:40:00Z,0.0055
PRLA,2015-09-22T16:10:00Z,0.0065
PRLA,2015-09-22T16:10:00Z,0.0044
PRLA,2015-09-22T16:10:00Z,0.0025
PRLA,2015-09-22T16:10:00Z,0.0029
PRLA,2015-09-22T16:10:00Z,0.0028
PRLA,2015-09-22T16:10:00Z,0.0028
PRLA,2015-09-22T16:10:00Z,0.0032
PRLA,2015-09-22T16:10:00Z,0.0028
PRLA,2016-04-21T14:20:00Z,0.0016
PRLA,2016-04-21T14:20:00Z,0.0012
PRLA,2016-04-21T14:20:00Z,0.0025
PRLA,2016-04-21T14:20:00Z,0.0025
PRLA,2016-04-21T14:20:00Z,0.0015
PRLA,2016-04-21T14:20:00Z,0.0012
PRLA,2016-04-21T14:20:00Z,0.0013
PRLA,2016-04-21T14:20:00Z,0.0018
PRLA,2016-07-18T14:20:00Z,0.0032
PRLA,2016-07-18T14:20:00Z,0.0025
PRLA,2016-07-18T14:20:00Z,0.0018
PRLA,2016-07-18T14:20:00Z,0.003
PRLA,2016-07-18T14:20:00Z,0.0053
PRLA,2016-07-18T14:20:00Z,0.0029
PRLA,2016-07-18T14:20:00Z,0.0019
PRLA,2016-07-18T14:20:00Z,0.0036
PRLA,2016-09-14T14:30:00Z,0.0028
PRLA,2016-09-14T14:30:00Z,0.0015
PRLA,2016-09-14T14:30:00Z,0.0012
PRLA,2016-09-14T14:30:00Z,0.0011
PRLA,2016-09-14T14:30:00Z,0.0023
PRLA,2016-09-14T14:30:00Z,0.0026
PRLA,2016-09-14T14:30:00Z,0.0012
PRLA,2016-09-14T14:30:00Z,0.0027
PRLA,2017-04-17T15:15:00Z,0.0013
PRLA,2017-04-17T15:15:00Z,0.0028
PRLA,2017-04-17T15:15:00Z,0.0015
PRLA,2017-04-17T15:15:00Z,0.0014
PRLA,2017-04-17T15:15:00Z,0.0011
PRLA,2017-04-17T15:15:00Z,0.0017
PRLA,2017-04-17T15:15:00Z,0.0034
PRLA,2017-04-17T15:15:00Z,0.0025
PRLA,2017-07-10T14:40:00Z,0.0027
PRLA,2017-07-10T14:40:00Z,0.003
PRLA,2017-07-10T14:40:00Z,0.0019
PRLA,2017-07-10T14:40:00Z,0.0026
PRLA,2017-07-10T14:40:00Z,0.0052
PRLA,2017-07-10T14:40:00Z,0.002
PRLA,2017-07-10T14:40:00Z,0.0031
PRLA,2017-07-10T14:40:00Z,0.0034
PRLA,2017-09-11T15:10:00Z,0.0031
PRLA,2017-09-11T15:10:00Z,0.0023
PRLA,2017-09-11T15:10:00Z,0.0032
PRLA,2017-09-11T15:10:00Z,0.0025
PRLA,2017-09-11T15:10:00Z,0.0028
PRLA,2017-09-11T15:10:00Z,0.001
PRLA,2017-09-11T15:10:00Z,0.0027
PRLA,2017-09-11T15:10:00Z,0.0021
PRLA,2018-05-09T14:30:00Z,0.0038
PRLA,2018-05-09T14:30:00Z,0.0036
PRLA,2018-05-09T14:30:00Z,0.0022
PRLA,2018-05-09T14:30:00Z,0.0028
PRLA,2018-05-09T14:30:00Z,0.0016
PRLA,2018-05-09T14:30:00Z,0.0033
PRLA,2018-05-09T14:30:00Z,0.0021
PRLA,2018-05-09T14:30:00Z,0.004
PRLA,2018-07-11T14:06:00Z,0.0025
PRLA,2018-07-11T14:06:00Z,0.0047
PRLA,2018-07-11T14:06:00Z,0.0027
PRLA,2018-07-11T14:06:00Z,0.0022
PRLA,2018-07-11T14:06:00Z,0.0026
PRLA,2018-07-11T14:06:00Z,0.0024
PRLA,2018-07-11T14:06:00Z,9e-4
PRLA,2018-07-11T14:06:00Z,7e-4
PRLA,2018-09-11T14:05:00Z,0.0019
PRLA,2018-09-11T14:05:00Z,0.0022
PRLA,2018-09-11T14:05:00Z,0.0045
PRLA,2018-09-11T14:05:00Z,0.0027
PRLA,2018-09-11T14:05:00Z,0.0047
PRLA,2018-09-11T14:05:00Z,0.0041
PRLA,2018-09-11T14:05:00Z,0.0034
PRLA,2018-09-11T14:05:00Z,0.0019
PRLA,2019-04-24T14:22:00Z,0.0014
PRLA,2019-04-24T14:22:00Z,0.0012
PRLA,2019-04-24T14:22:00Z,0.0012
PRLA,2019-04-24T14:22:00Z,9e-4
PRLA,2019-04-24T14:22:00Z,0.0016
PRLA,2019-04-24T14:22:00Z,6e-4
PRLA,2019-04-24T14:22:00Z,8e-4
PRLA,2019-04-24T14:22:00Z,7e-4
PRLA,2019-09-10T13:37:00Z,0.0029
PRLA,2019-09-10T13:37:00Z,7e-4
PRLA,2019-09-10T13:37:00Z,9e-4
PRLA,2019-09-10T13:37:00Z,0.0025
PRLA,2019-09-10T13:37:00Z,0.0018
PRLA,2019-09-10T13:37:00Z,0.0029
PRLA,2019-09-10T13:37:00Z,4e-4
PRLA,2019-09-10T13:37:00Z,8e-4
PRLA,2020-06-15T15:09:00Z,0.0025
PRLA,2020-06-15T15:09:00Z,0.0015
PRLA,2020-06-15T15:09:00Z,5e-4
PRLA,2020-06-15T15:09:00Z,5e-4
PRLA,2020-06-15T15:09:00Z,0.0012
PRLA,2020-06-15T15:09:00Z,0.0014
PRLA,2020-06-15T15:09:00Z,4e-4
PRLA,2020-06-15T15:09:00Z,0.001
PRLA,2020-07-07T16:00:00Z,8e-4
PRLA,2020-07-07T16:00:00Z,0.001
PRLA,2020-07-07T16:00:00Z,0.0012
PRLA,2020-07-07T16:00:00Z,0.0012
PRLA,2020-07-07T16:00:00Z,0.0012
PRLA,2020-07-07T16:00:00Z,0.0044
PRLA,2020-07-07T16:00:00Z,0.0043
PRLA,2020-07-07T16:00:00Z,0.0019
PRLA,2020-09-29T13:21:00Z,0.0011
PRLA,2020-09-29T13:21:00Z,0.0017
PRLA,2020-09-29T13:21:00Z,0.0014
PRLA,2020-09-29T13:21:00Z,-0.0397
PRLA,2020-09-29T13:21:00Z,0.0013
PRLA,2020-09-29T13:21:00Z,9e-4
PRLA,2020-09-29T13:21:00Z,0.0011
PRLA,2020-09-29T13:21:00Z,0.0026
PRLA,2021-04-20T14:40:00Z,0.0016
PRLA,2021-04-20T14:40:00Z,0.0012
PRLA,2021-04-20T14:40:00Z,0.0015
PRLA,2021-04-20T14:40:00Z,0.0015
PRLA,2021-04-20T14:40:00Z,0.0013
PRLA,2021-04-20T14:40:00Z,8e-4
PRLA,2021-04-20T14:40:00Z,0.0016
PRLA,2021-04-20T14:40:00Z,0.0013
PRLA,2021-07-13T14:12:00Z,0.0038
PRLA,2021-07-13T14:12:00Z,0.0013
PRLA,2021-07-13T14:12:00Z,0.0014
PRLA,2021-07-13T14:12:00Z,0.0023
PRLA,2021-07-13T14:12:00Z,0.0015
PRLA,2021-07-13T14:12:00Z,0.003
PRLA,2021-07-13T14:12:00Z,0.0035
PRLA,2021-07-13T14:12:00Z,0.001
PRLA,2021-09-14T14:15:00Z,0.003
PRLA,2021-09-14T14:15:00Z,0.0024
PRLA,2021-09-14T14:15:00Z,0.0022
PRLA,2021-09-14T14:15:00Z,0.0021
PRLA,2021-09-14T14:15:00Z,0.0025
PRLA,2021-09-14T14:15:00Z,0.0021
PRLA,2021-09-14T14:15:00Z,0.002
PRLA,2021-09-14T14:15:00Z,-0.0147
PRLA,2022-04-27T14:15:00Z,0.0035
PRLA,2022-04-27T14:15:00Z,0.0011
PRLA,2022-04-27T14:15:00Z,0.0022
PRLA,2022-04-27T14:15:00Z,0.0017
PRLA,2022-04-27T14:15:00Z,0.0019
PRLA,2022-04-27T14:15:00Z,0.0016
PRLA,2022-04-27T14:15:00Z,0.0013
PRLA,2022-04-27T14:15:00Z,0.0013
PRLA,2022-07-06T14:43:00Z,0.0017
PRLA,2022-07-06T14:43:00Z,0.0011
PRLA,2022-07-06T14:43:00Z,0.0013
PRLA,2022-07-06T14:43:00Z,0.0027
PRLA,2022-07-06T14:43:00Z,0.0013
PRLA,2022-07-06T14:43:00Z,0.0011
PRLA,2022-07-06T14:43:00Z,0.0017
PRLA,2022-07-06T14:43:00Z,0.0013
PRLA,2022-09-13T14:45:00Z,2e-4
PRLA,2022-09-13T14:45:00Z,0.0029
PRLA,2022-09-13T14:45:00Z,5e-4
PRLA,2022-09-13T14:45:00Z,0.0011
PRLA,2022-09-13T14:45:00Z,0.0015
PRLA,2022-09-13T14:45:00Z,0.0029
PRLA,2022-09-13T14:45:00Z,0.0013
PRLA,2022-09-13T14:45:00Z,0.0032
PRLA,2023-05-09T15:34:00Z,0.0022
PRLA,2023-05-09T15:34:00Z,0.0038
PRLA,2023-05-09T15:34:00Z,0.0021
PRLA,2023-05-09T15:34:00Z,0.0036
PRLA,2023-05-09T15:34:00Z,0.0019
PRLA,2023-05-09T15:34:00Z,0.002
PRLA,2023-05-09T15:34:00Z,0.0043
PRLA,2023-05-09T15:34:00Z,0.0052
PRLA,2023-07-05T13:30:00Z,0.0032
PRLA,2023-07-05T13:30:00Z,0.0063
PRLA,2023-07-05T13:30:00Z,0.0039
PRLA,2023-07-05T13:30:00Z,0.0042
PRLA,2023-07-05T13:30:00Z,0.0028
PRLA,2023-07-05T13:30:00Z,0.0019
PRLA,2023-07-05T13:30:00Z,0.004
PRLA,2023-07-05T13:30:00Z,0.0041
PRLA,2023-09-12T15:02:00Z,0.0041
PRLA,2023-09-12T15:02:00Z,0.002
PRLA,2023-09-12T15:02:00Z,0.004
PRLA,2023-09-12T15:02:00Z,0.0034
PRLA,2023-09-12T15:02:00Z,0.004
PRLA,2023-09-12T15:02:00Z,0.0041
PRLA,2023-09-12T15:02:00Z,0.003
PRLA,2023-09-12T15:02:00Z,0.0024
TOOK,2016-08-10T22:53:00Z,0.0012
TOOK,2016-08-10T22:53:00Z,1e-4
TOOK,2016-08-10T22:53:00Z,8e-4
TOOK,2016-08-10T22:53:00Z,8e-4
TOOK,2016-08-10T22:53:00Z,3e-4
TOOK,2016-08-10T22:53:00Z,0.0016
TOOK,2016-08-10T22:53:00Z,1e-4
TOOK,2016-08-10T22:53:00Z,0.0014
TOOK,2017-06-25T11:16:00Z,0.001
TOOK,2017-06-25T11:16:00Z,0.002
TOOK,2017-06-25T11:16:00Z,0
TOOK,2017-06-25T11:16:00Z,0.006
TOOK,2017-06-25T11:16:00Z,0.005
TOOK,2017-06-25T11:16:00Z,0.001
TOOK,2017-06-25T11:16:00Z,0.003
TOOK,2017-07-26T17:38:00Z,0.0017
TOOK,2017-07-26T17:38:00Z,2e-4
TOOK,2017-07-26T17:38:00Z,0
TOOK,2017-07-26T17:38:00Z,0.0011
TOOK,2017-07-26T17:38:00Z,9e-4
TOOK,2017-07-26T17:38:00Z,9e-4
TOOK,2017-07-26T17:38:00Z,5e-4
TOOK,2017-07-26T17:38:00Z,0.0012
TOOK,2017-09-06T18:00:00Z,1e-4
TOOK,2017-09-06T18:00:00Z,0
TOOK,2017-09-06T18:00:00Z,3e-4
TOOK,2017-09-06T18:00:00Z,0.0018
TOOK,2017-09-06T18:00:00Z,0
TOOK,2017-09-06T18:00:00Z,5e-4
TOOK,2017-09-06T18:00:00Z,0
TOOK,2017-09-06T18:00:00Z,0.0013
TOOK,2018-06-28T19:12:00Z,7e-4
TOOK,2018-06-28T19:12:00Z,0.0015
TOOK,2018-06-28T19:12:00Z,3e-4
TOOK,2018-06-28T19:12:00Z,5e-4
TOOK,2018-06-28T19:12:00Z,0.0011
TOOK,2018-06-28T19:12:00Z,2e-4
TOOK,2018-06-28T19:12:00Z,4e-4
TOOK,2018-08-01T18:05:00Z,5e-4
TOOK,2018-08-01T18:05:00Z,6e-4
TOOK,2018-08-01T18:05:00Z,0.0013
TOOK,2018-08-01T18:05:00Z,0.0021
TOOK,2018-08-01T18:05:00Z,0
TOOK,2018-08-01T18:05:00Z,9e-4
TOOK,2018-08-01T18:05:00Z,0.0027
TOOK,2018-08-01T18:05:00Z,0.0031
TOOK,2018-09-19T21:44:00Z,0.003
TOOK,2018-09-19T21:44:00Z,0.0043
TOOK,2018-09-19T21:44:00Z,4e-4
TOOK,2018-09-19T21:44:00Z,0.0025
TOOK,2018-09-19T21:44:00Z,3e-4
TOOK,2018-09-19T21:44:00Z,4e-4
TOOK,2018-09-19T21:44:00Z,0.0017
TOOK,2018-09-19T21:44:00Z,0.0015
TOOK,2019-06-21T17:44:00Z,0.0024
TOOK,2019-06-21T17:44:00Z,5e-4
TOOK,2019-06-21T17:44:00Z,9e-4
TOOK,2019-06-21T17:44:00Z,5e-4
TOOK,2019-06-21T17:44:00Z,3e-4
TOOK,2019-06-21T17:44:00Z,0.0018
TOOK,2019-06-21T17:44:00Z,0.0014
TOOK,2019-06-21T17:44:00Z,0.0016
TOOK,2019-07-31T18:15:00Z,2e-4
TOOK,2019-07-31T18:15:00Z,1e-4
TOOK,2019-07-31T18:15:00Z,0.0014
TOOK,2019-07-31T18:15:00Z,5e-4
TOOK,2019-07-31T18:15:00Z,0
TOOK,2019-07-31T18:15:00Z,1e-4
TOOK,2019-07-31T18:15:00Z,0.0011
TOOK,2019-07-31T18:15:00Z,7e-4
TOOK,2019-09-10T18:38:00Z,-7e-4
TOOK,2019-09-10T18:38:00Z,0.0015
TOOK,2019-09-10T18:38:00Z,3e-4
TOOK,2019-09-10T18:38:00Z,0
TOOK,2019-09-10T18:38:00Z,-0.001
TOOK,2019-09-10T18:38:00Z,0
TOOK,2019-09-10T18:38:00Z,1e-4
TOOK,2019-09-10T18:38:00Z,0
TOOK,2020-07-19T18:06:00Z,1e-4
TOOK,2020-07-19T18:06:00Z,-6e-4
TOOK,2020-07-19T18:06:00Z,-3e-4
TOOK,2020-07-19T18:06:00Z,0.0014
TOOK,2020-07-19T18:06:00Z,0.0012
TOOK,2020-07-19T18:06:00Z,0.0017
TOOK,2020-07-19T18:06:00Z,0.0021
TOOK,2020-07-19T18:06:00Z,7e-4
TOOK,2020-08-19T17:44:00Z,0.007
TOOK,2020-08-19T17:44:00Z,0.0068
TOOK,2020-08-19T17:44:00Z,0.0078
TOOK,2020-08-19T17:44:00Z,0.0043
TOOK,2020-08-19T17:44:00Z,0.0086
TOOK,2020-08-19T17:44:00Z,0.0079
TOOK,2020-08-19T17:44:00Z,0.0082
TOOK,2020-08-19T17:44:00Z,0.0038
TOOK,2020-09-05T17:37:00Z,0.0039
TOOK,2020-09-05T17:37:00Z,0.0034
TOOK,2020-09-05T17:37:00Z,0.0016
TOOK,2020-09-05T17:37:00Z,0.0042
TOOK,2020-09-05T17:37:00Z,0.0022
TOOK,2020-09-05T17:37:00Z,0.003
TOOK,2020-09-05T17:37:00Z,0.0017
TOOK,2020-09-05T17:37:00Z,0.006
TOOK,2021-07-08T18:08:00Z,0.001
TOOK,2021-07-08T18:08:00Z,0.0016
TOOK,2021-07-08T18:08:00Z,0.0023
TOOK,2021-07-08T18:08:00Z,8e-4
TOOK,2021-07-08T18:08:00Z,9e-4
TOOK,2021-07-08T18:08:00Z,0.002
TOOK,2021-07-08T18:08:00Z,0.0019
TOOK,2021-07-08T18:08:00Z,2e-4
TOOK,2021-07-29T17:45:00Z,0.0024
TOOK,2021-07-29T17:45:00Z,0.0028
TOOK,2021-07-29T17:45:00Z,0.004
TOOK,2021-07-29T17:45:00Z,0.0012
TOOK,2021-07-29T17:45:00Z,0.0014
TOOK,2021-07-29T17:45:00Z,0.0017
TOOK,2021-07-29T17:45:00Z,0.0028
TOOK,2021-07-29T17:45:00Z,0.001
TOOK,2021-09-07T18:35:00Z,0.0022
TOOK,2021-09-07T18:35:00Z,-2e-4
TOOK,2021-09-07T18:35:00Z,0.0019
TOOK,2021-09-07T18:35:00Z,9e-4
TOOK,2021-09-07T18:35:00Z,0.0022
TOOK,2021-09-07T18:35:00Z,0.0029
TOOK,2021-09-07T18:35:00Z,0.0014
TOOK,2021-09-07T18:35:00Z,0.0024
TOOK,2022-06-25T18:40:00Z,8e-4
TOOK,2022-06-25T18:40:00Z,0.001
TOOK,2022-06-25T18:40:00Z,2e-4
TOOK,2022-06-25T18:40:00Z,0.001
TOOK,2022-06-25T18:40:00Z,5e-4
TOOK,2022-06-25T18:40:00Z,7e-4
TOOK,2022-06-25T18:40:00Z,0.002
TOOK,2022-06-25T18:40:00Z,0.0012
TOOK,2022-08-04T18:04:00Z,0
TOOK,2022-08-04T18:04:00Z,1e-4
TOOK,2022-08-04T18:04:00Z,3e-4
TOOK,2022-08-04T18:04:00Z,2e-4
TOOK,2022-08-04T18:04:00Z,2e-4
TOOK,2022-08-04T18:04:00Z,0.0013
TOOK,2022-08-04T18:04:00Z,7e-4
TOOK,2022-08-04T18:04:00Z,0.0012
TOOK,2022-09-12T17:30:00Z,0.0015
TOOK,2022-09-12T17:30:00Z,0.0011
TOOK,2022-09-12T17:30:00Z,0.0017
TOOK,2022-09-12T17:30:00Z,3e-4
TOOK,2022-09-12T17:30:00Z,5e-4
TOOK,2022-09-12T17:30:00Z,0
TOOK,2022-09-12T17:30:00Z,1e-4
TOOK,2022-09-12T17:30:00Z,6e-4
TOOK,2023-07-01T17:59:00Z,0.0013
TOOK,2023-07-01T17:59:00Z,0.0037
TOOK,2023-07-01T17:59:00Z,0.0011
TOOK,2023-07-01T17:59:00Z,0.0021
TOOK,2023-07-01T17:59:00Z,0.004
TOOK,2023-07-01T17:59:00Z,3e-4
TOOK,2023-07-01T17:59:00Z,0.0033
TOOK,2023-07-01T17:59:00Z,3e-4
TOOK,2023-07-28T17:10:00Z,5e-4
TOOK,2023-07-28T17:10:00Z,0.003
TOOK,2023-07-28T17:10:00Z,0.0042
TOOK,2023-07-28T17:10:00Z,0.0011
TOOK,2023-07-28T17:10:00Z,3e-4
TOOK,2023-07-28T17:10:00Z,0.0032
TOOK,2023-07-28T17:10:00Z,0.0023
TOOK,2023-07-28T17:10:00Z,4e-4
TOOK,2023-09-08T18:36:00Z,0.0017
TOOK,2023-09-08T18:36:00Z,4e-4
TOOK,2023-09-08T18:36:00Z,6e-4
TOOK,2023-09-08T18:36:00Z,6e-4
TOOK,2023-09-08T18:36:00Z,4e-4
TOOK,2023-09-08T18:36:00Z,0.001
TOOK,2023-09-08T18:36:00Z,7e-4
TOOK,2023-09-08T18:36:00Z,9e-4
